Player,Year,Team,Role,MVP,Team
Bradley Beal,2021,Durant,Starter,N,WAS
Joel Embiid,2021,Durant,Starter,N,PHI
Kyrie Irving,2021,Durant,Starter,N,BRK
Kawhi Leonard,2021,Durant,Starter,N,LAC
Jayson Tatum,2021,Durant,Starter,N,BOS
Mike Conley Jr,2021,Durant,Reserve,N,UTA
James Harden,2021,Durant,Reserve,N,BRK
Zach LaVine,2021,Durant,Reserve,N,CHI
Donovan Mitchell,2021,Durant,Reserve,N,UTA
Julius Randle,2021,Durant,Reserve,N,NYK
Nikola Vucevic,2021,Durant,Reserve,N,ORL
Zion Williamson,2021,Durant,Reserve,N,NOP
Devin Booker,2021,Durant,DNP,N,PHO
Kevin Durant,2021,Durant,DNP,N,BRK
Giannis Antetokounmpo,2021,LeBron,Starter,Y,MIL
Stephen Curry,2021,LeBron,Starter,N,GSW
Luka Doncic,2021,LeBron,Starter,N,DAL
LeBron James,2021,LeBron,Starter,N,LAL
Nikola Jokic,2021,LeBron,Starter,N,DEN
Jaylen Brown,2021,LeBron,Reserve,N,BOS
Paul George,2021,LeBron,Reserve,N,LAC
Rudy Gobert,2021,LeBron,Reserve,N,UTA
Damian Lillard,2021,LeBron,Reserve,N,POR
Chris Paul,2021,LeBron,Reserve,N,PHO
Domantas Sabonis,2021,LeBron,Reserve,N,IND
Ben Simmons,2021,LeBron,Reserve,N,PHI
Anthony Davis,2021,LeBron,DNP,N,LAL
Giannis Antetokounmpo,2020,Team Giannis,Starter,N,MIL
Joel Embiid,2020,Team Giannis,Starter,N,PHI
Pascal Siakam,2020,Team Giannis,Starter,N,TOR
Kemba Walker,2020,Team Giannis,Starter,N,BOS
Trae Young,2020,Team Giannis,Starter,N,ATL
Bam Adebayo,2020,Team Giannis,Reserve,N,MIA
Jimmy Butler,2020,Team Giannis,Reserve,N,MIA
Rudy Gobert,2020,Team Giannis,Reserve,N,UTA
Brandon Ingram,2020,Team Giannis,Reserve,N,NOP
Kyle Lowry,2020,Team Giannis,Reserve,N,TOR
Khris Middleton,2020,Team Giannis,Reserve,N,MIL
Donovan Mitchell,2020,Team Giannis,Reserve,N,UTA
Anthony Davis,2020,Team Lebron,Starter,N,LAL
Luka Doncic,2020,Team Lebron,Starter,N,DAL
James Harden,2020,Team Lebron,Starter,N,HOU
LeBron James,2020,Team Lebron,Starter,N,LAL
Kawhi Leonard,2020,Team Lebron,Starter,Y,LAC
Devin Booker,2020,Team Lebron,Reserve,N,PHO
Nikola Jokic,2020,Team Lebron,Reserve,N,DEN
Chris Paul,2020,Team Lebron,Reserve,N,OKC
Domantas Sabonis,2020,Team Lebron,Reserve,N,IND
Ben Simmons,2020,Team Lebron,Reserve,N,PHI
Jayson Tatum,2020,Team Lebron,Reserve,N,BOS
Russell Westbrook,2020,Team Lebron,Reserve,N,HOU
Damian Lillard,2020,Team Lebron,DNP,N,POR
Giannis Antetokounmpo,2019,Team Giannis,Starter,N,MIL
Stephen Curry,2019,Team Giannis,Starter,N,GSW
Joel Embiid,2019,Team Giannis,Starter,N,PHI
Paul George,2019,Team Giannis,Starter,N,OKC
Kemba Walker,2019,Team Giannis,Starter,N,CHA
Blake Griffin,2019,Team Giannis,Reserve,N,DET
Nikola Jokic,2019,Team Giannis,Reserve,N,DEN
Kyle Lowry,2019,Team Giannis,Reserve,N,TOR
Khris Middleton,2019,Team Giannis,Reserve,N,MIL
Dirk Nowitzki,2019,Team Giannis,Reserve,N,DAL
D'Angelo Russell,2019,Team Giannis,Reserve,N,BRK
Nikola Vucevic,2019,Team Giannis,Reserve,N,ORL
Russell Westbrook,2019,Team Giannis,Reserve,N,OKC
Victor Oladipo,2019,Team Giannis,DNP,N,IND
Kevin Durant,2019,Team Lebron,Starter,Y,GSW
James Harden,2019,Team Lebron,Starter,N,HOU
Kyrie Irving,2019,Team Lebron,Starter,N,BOS
LeBron James,2019,Team Lebron,Starter,N,LAL
Kawhi Leonard,2019,Team Lebron,Starter,N,TOR
LaMarcus Aldridge,2019,Team Lebron,Reserve,N,SAS
Bradley Beal,2019,Team Lebron,Reserve,N,WAS
Anthony Davis,2019,Team Lebron,Reserve,N,NOP
Damian Lillard,2019,Team Lebron,Reserve,N,POR
Ben Simmons,2019,Team Lebron,Reserve,N,PHI
Klay Thompson,2019,Team Lebron,Reserve,N,GSW
Karl-Anthony Towns,2019,Team Lebron,Reserve,N,MIN
Dwyane Wade,2019,Team Lebron,Reserve,N,MIA
Anthony Davis,2018,Team Lebron,Starter,N,NOP
Kevin Durant,2018,Team Lebron,Starter,N,GSW
Kyrie Irving,2018,Team Lebron,Starter,N,BOS
LeBron James,2018,Team Lebron,Starter,Y,CLE
Russell Westbrook,2018,Team Lebron,Starter,N,OKC
LaMarcus Aldridge,2018,Team Lebron,Reserve,N,SAS
Bradley Beal,2018,Team Lebron,Reserve,N,WAS
Goran Dragic,2018,Team Lebron,Reserve,N,MIA
Andre Drummond,2018,Team Lebron,Reserve,N,DET
Paul George,2018,Team Lebron,Reserve,N,OKC
Victor Oladipo,2018,Team Lebron,Reserve,N,IND
Kemba Walker,2018,Team Lebron,Reserve,N,CHO
DeMarcus Cousins,2018,Team Lebron,DNP,N,NOP
Kevin Love,2018,Team Lebron,DNP,N,CLE
Kristaps Porzingis,2018,Team Lebron,DNP,N,NYK
John Wall,2018,Team Lebron,DNP,N,WAS
Giannis Antetokounmpo,2018,Team Stephen,Starter,N,MIL
Stephen Curry,2018,Team Stephen,Starter,N,GSW
DeMar DeRozan,2018,Team Stephen,Starter,N,TOR
Joel Embiid,2018,Team Stephen,Starter,N,PHI
James Harden,2018,Team Stephen,Starter,N,HOU
Draymond Green,2018,Team Stephen,Reserve,N,GSW
Al Horford,2018,Team Stephen,Reserve,N,BOS
Damian Lillard,2018,Team Stephen,Reserve,N,POR
Kyle Lowry,2018,Team Stephen,Reserve,N,TOR
Klay Thompson,2018,Team Stephen,Reserve,N,GSW
Karl-Anthony Towns,2018,Team Stephen,Reserve,N,MIN
Jimmy Butler,2018,Team Stephen,DNP,N,MIN
Giannis Antetokounmpo,2017,East,Starter,N,MIL
Jimmy Butler,2017,East,Starter,N,CHI
DeMar DeRozan,2017,East,Starter,N,TOR
Kyrie Irving,2017,East,Starter,N,CLE
LeBron James,2017,East,Starter,N,CLE
Carmelo Anthony,2017,East,Reserve,N,NYK
Paul George,2017,East,Reserve,N,IND
Kyle Lowry,2017,East,Reserve,N,TOR
Paul Millsap,2017,East,Reserve,N,ATL
Isaiah Thomas,2017,East,Reserve,N,BOS
Kemba Walker,2017,East,Reserve,N,CHO
John Wall,2017,East,Reserve,N,WAS
Kevin Love,2017,East,DNP,N,CLE
Stephen Curry,2017,West,Starter,N,GSW
Anthony Davis,2017,West,Starter,Y,NOP
Kevin Durant,2017,West,Starter,N,GSW
James Harden,2017,West,Starter,N,HOU
Kawhi Leonard,2017,West,Starter,N,SAS
DeMarcus Cousins,2017,West,Reserve,N,SAC
Marc Gasol,2017,West,Reserve,N,MEM
Draymond Green,2017,West,Reserve,N,GSW
Gordon Hayward,2017,West,Reserve,N,UTA
DeAndre Jordan,2017,West,Reserve,N,LAC
Klay Thompson,2017,West,Reserve,N,GSW
Russell Westbrook,2017,West,Reserve,N,OKC
Carmelo Anthony,2016,East,Starter,N,NYK
Paul George,2016,East,Starter,N,IND
LeBron James,2016,East,Starter,N,CLE
Kyle Lowry,2016,East,Starter,N,TOR
Dwyane Wade,2016,East,Starter,N,MIA
DeMar DeRozan,2016,East,Reserve,N,TOR
Andre Drummond,2016,East,Reserve,N,DET
Pau Gasol,2016,East,Reserve,N,CHI
Al Horford,2016,East,Reserve,N,ATL
Paul Millsap,2016,East,Reserve,N,ATL
Isaiah Thomas,2016,East,Reserve,N,BOS
John Wall,2016,East,Reserve,N,WAS
Chris Bosh,2016,East,DNP,N,MIA
Jimmy Butler,2016,East,DNP,N,CHI
Kobe Bryant,2016,West,Starter,N,LAL
Stephen Curry,2016,West,Starter,N,GSW
Kevin Durant,2016,West,Starter,N,OKC
Kawhi Leonard,2016,West,Starter,N,SAS
Russell Westbrook,2016,West,Starter,Y,OKC
LaMarcus Aldridge,2016,West,Reserve,N,SAS
DeMarcus Cousins,2016,West,Reserve,N,SAC
Anthony Davis,2016,West,Reserve,N,NOP
Draymond Green,2016,West,Reserve,N,GSW
James Harden,2016,West,Reserve,N,HOU
Chris Paul,2016,West,Reserve,N,LAC
Klay Thompson,2016,West,Reserve,N,GSW
Carmelo Anthony,2015,East,Starter,N,NYK
Pau Gasol,2015,East,Starter,N,CHI
LeBron James,2015,East,Starter,N,CLE
Kyle Lowry,2015,East,Starter,N,TOR
John Wall,2015,East,Starter,N,WAS
Chris Bosh,2015,East,Reserve,N,MIA
Jimmy Butler,2015,East,Reserve,N,CHI
Al Horford,2015,East,Reserve,N,ATL
Kyrie Irving,2015,East,Reserve,N,CLE
Kyle Korver,2015,East,Reserve,N,ATL
Paul Millsap,2015,East,Reserve,N,ATL
Jeff Teague,2015,East,Reserve,N,ATL
Dwyane Wade,2015,East,DNP,N,MIA
LaMarcus Aldridge,2015,West,Starter,N,POR
Stephen Curry,2015,West,Starter,N,GSW
Marc Gasol,2015,West,Starter,N,MEM
James Harden,2015,West,Starter,N,HOU
Klay Thompson,2015,West,Starter,N,GSW
DeMarcus Cousins,2015,West,Reserve,N,SAC
Tim Duncan,2015,West,Reserve,N,SAS
Kevin Durant,2015,West,Reserve,N,OKC
Damian Lillard,2015,West,Reserve,N,POR
Dirk Nowitzki,2015,West,Reserve,N,DAL
Chris Paul,2015,West,Reserve,N,LAC
Russell Westbrook,2015,West,Reserve,Y,OKC
Kobe Bryant,2015,West,DNP,N,LAL
Anthony Davis,2015,West,DNP,N,NOP
Blake Griffin,2015,West,DNP,N,LAC
Carmelo Anthony,2014,East,Starter,N,NYK
Paul George,2014,East,Starter,N,IND
Kyrie Irving,2014,East,Starter,Y,CLE
LeBron James,2014,East,Starter,N,MIA
Dwyane Wade,2014,East,Starter,N,MIA
Chris Bosh,2014,East,Reserve,N,MIA
DeMar DeRozan,2014,East,Reserve,N,TOR
Roy Hibbert,2014,East,Reserve,N,IND
Joe Johnson,2014,East,Reserve,N,BRK
Paul Millsap,2014,East,Reserve,N,ATL
Joakim Noah,2014,East,Reserve,N,CHI
John Wall,2014,East,Reserve,N,WAS
Stephen Curry,2014,West,Starter,N,GSW
Kevin Durant,2014,West,Starter,N,OKC
Blake Griffin,2014,West,Starter,N,LAC
James Harden,2014,West,Starter,N,HOU
Kevin Love,2014,West,Starter,N,MIN
LaMarcus Aldridge,2014,West,Reserve,N,POR
Anthony Davis,2014,West,Reserve,N,NOP
Dwight Howard,2014,West,Reserve,N,HOU
Damian Lillard,2014,West,Reserve,N,POR
Dirk Nowitzki,2014,West,Reserve,N,DAL
Tony Parker,2014,West,Reserve,N,SAS
Chris Paul,2014,West,Reserve,N,LAC
Kobe Bryant,2014,West,DNP,N,LAL
Carmelo Anthony,2013,East,Starter,N,NYK
Chris Bosh,2013,East,Starter,N,MIA
Kevin Garnett,2013,East,Starter,N,BOS
LeBron James,2013,East,Starter,N,MIA
Dwyane Wade,2013,East,Starter,N,MIA
Tyson Chandler,2013,East,Reserve,N,NYK
Luol Deng,2013,East,Reserve,N,CHI
Paul George,2013,East,Reserve,N,IND
Jrue Holiday,2013,East,Reserve,N,PHI
Kyrie Irving,2013,East,Reserve,N,CLE
Brook Lopez,2013,East,Reserve,N,BRK
Joakim Noah,2013,East,Reserve,N,CHI
Rajon Rondo,2013,East,DNP,N,BOS
Kobe Bryant,2013,West,Starter,N,LAL
Kevin Durant,2013,West,Starter,N,OKC
Blake Griffin,2013,West,Starter,N,LAC
Dwight Howard,2013,West,Starter,N,LAL
Chris Paul,2013,West,Starter,Y,LAC
LaMarcus Aldridge,2013,West,Reserve,N,POR
Tim Duncan,2013,West,Reserve,N,SAS
James Harden,2013,West,Reserve,N,HOU
David Lee,2013,West,Reserve,N,GSW
Tony Parker,2013,West,Reserve,N,SAS
Zach Randolph,2013,West,Reserve,N,MEM
Russell Westbrook,2013,West,Reserve,N,OKC
Carmelo Anthony,2012,East,Starter,N,NYK
Dwight Howard,2012,East,Starter,N,ORL
LeBron James,2012,East,Starter,N,MIA
Derrick Rose,2012,East,Starter,N,CHI
Dwyane Wade,2012,East,Starter,N,MIA
Chris Bosh,2012,East,Reserve,N,MIA
Luol Deng,2012,East,Reserve,N,CHI
Roy Hibbert,2012,East,Reserve,N,IND
Andre Iguodala,2012,East,Reserve,N,PHI
Paul Pierce,2012,East,Reserve,N,BOS
Rajon Rondo,2012,East,Reserve,N,BOS
Deron Williams,2012,East,Reserve,N,NJN
Kobe Bryant,2012,West,Starter,N,LAL
Andrew Bynum,2012,West,Starter,N,LAL
Kevin Durant,2012,West,Starter,Y,OKC
Blake Griffin,2012,West,Starter,N,LAC
Chris Paul,2012,West,Starter,N,LAC
LaMarcus Aldridge,2012,West,Reserve,N,POR
Marc Gasol,2012,West,Reserve,N,MEM
Kevin Love,2012,West,Reserve,N,MIN
Steve Nash,2012,West,Reserve,N,PHO
Dirk Nowitzki,2012,West,Reserve,N,DAL
Tony Parker,2012,West,Reserve,N,SAS
Russell Westbrook,2012,West,Reserve,N,OKC
Joe Johnson,2012,West,DNP,N,ATL
Dwight Howard,2011,East,Starter,N,ORL
LeBron James,2011,East,Starter,N,MIA
Derrick Rose,2011,East,Starter,N,CHI
Amar'e Stoudemire,2011,East,Starter,N,NYK
Dwyane Wade,2011,East,Starter,N,MIA
Ray Allen,2011,East,Reserve,N,BOS
Chris Bosh,2011,East,Reserve,N,MIA
Kevin Garnett,2011,East,Reserve,N,BOS
Al Horford,2011,East,Reserve,N,ATL
Joe Johnson,2011,East,Reserve,N,ATL
Paul Pierce,2011,East,Reserve,N,BOS
Rajon Rondo,2011,East,Reserve,N,BOS
Carmelo Anthony,2011,West,Starter,N,DEN
Kobe Bryant,2011,West,Starter,Y,LAL
Tim Duncan,2011,West,Starter,N,SAS
Kevin Durant,2011,West,Starter,N,OKC
Chris Paul,2011,West,Starter,N,NOH
Pau Gasol,2011,West,Reserve,N,LAL
Manu Ginobili,2011,West,Reserve,N,SAS
Blake Griffin,2011,West,Reserve,N,LAC
Kevin Love,2011,West,Reserve,N,MIN
Dirk Nowitzki,2011,West,Reserve,N,DAL
Russell Westbrook,2011,West,Reserve,N,OKC
Deron Williams,2011,West,Reserve,N,UTA
Yao Ming,2011,West,DNP,N,HOU
Kevin Garnett,2010,East,Starter,N,BOS
Dwight Howard,2010,East,Starter,N,ORL
LeBron James,2010,East,Starter,N,CLE
Joe Johnson,2010,East,Starter,N,ATL
Dwyane Wade,2010,East,Starter,Y,MIA
Chris Bosh,2010,East,Reserve,N,TOR
Al Horford,2010,East,Reserve,N,ATL
David Lee,2010,East,Reserve,N,NYK
Paul Pierce,2010,East,Reserve,N,BOS
Rajon Rondo,2010,East,Reserve,N,BOS
Derrick Rose,2010,East,Reserve,N,CHI
Gerald Wallace,2010,East,Reserve,N,CHA
Carmelo Anthony,2010,West,Starter,N,DEN
Tim Duncan,2010,West,Starter,N,SAS
Steve Nash,2010,West,Starter,N,PHO
Dirk Nowitzki,2010,West,Starter,N,DAL
Amar'e Stoudemire,2010,West,Starter,N,PHO
Chauncey Billups,2010,West,Reserve,N,DEN
Kevin Durant,2010,West,Reserve,N,OKC
Pau Gasol,2010,West,Reserve,N,LAL
Chris Kaman,2010,West,Reserve,N,LAC
Jason Kidd,2010,West,Reserve,N,DAL
Zach Randolph,2010,West,Reserve,N,MEM
Deron Williams,2010,West,Reserve,N,UTA
Kobe Bryant,2010,West,DNP,N,LAL
Allen Iverson,2010,West,DNP,N,PHI
Chris Paul,2010,West,DNP,N,NOH
Brandon Roy,2010,West,DNP,N,POR
Kevin Garnett,2009,East,Starter,N,BOS
Dwight Howard,2009,East,Starter,N,ORL
Allen Iverson,2009,East,Starter,N,DET
LeBron James,2009,East,Starter,N,CLE
Dwyane Wade,2009,East,Starter,N,MIA
Ray Allen,2009,East,Reserve,N,BOS
Danny Granger,2009,East,Reserve,N,IND
Devin Harris,2009,East,Reserve,N,NJN
Joe Johnson,2009,East,Reserve,N,ATL
Rashard Lewis,2009,East,Reserve,N,ORL
Paul Pierce,2009,East,Reserve,N,BOS
Mo Williams,2009,East,Reserve,N,CLE
Kobe Bryant,2009,West,Starter,Y,LAL
Tim Duncan,2009,West,Starter,N,SAS
Yao Ming,2009,West,Starter,N,HOU
Chris Paul,2009,West,Starter,N,NOH
Amar'e Stoudemire,2009,West,Starter,N,PHO
Chauncey Billups,2009,West,Reserve,N,DEN
Pau Gasol,2009,West,Reserve,N,LAL
Dirk Nowitzki,2009,West,Reserve,N,DAL
Shaquille O'Neal,2009,West,Reserve,Y,PHO
Tony Parker,2009,West,Reserve,N,SAS
Brandon Roy,2009,West,Reserve,N,POR
David West,2009,West,Reserve,N,NOH
Chris Bosh,2009,West,DNP,N,TOR
Jameer Nelson,2009,West,DNP,N,ORL
Chris Bosh,2008,East,Starter,N,TOR
Dwight Howard,2008,East,Starter,N,ORL
LeBron James,2008,East,Starter,Y,CLE
Jason Kidd,2008,East,Starter,N,NJN
Dwyane Wade,2008,East,Starter,N,MIA
Ray Allen,2008,East,Reserve,N,BOS
Chauncey Billups,2008,East,Reserve,N,DET
Richard Hamilton,2008,East,Reserve,N,DET
Antawn Jamison,2008,East,Reserve,N,WAS
Joe Johnson,2008,East,Reserve,N,ATL
Paul Pierce,2008,East,Reserve,N,BOS
Rasheed Wallace,2008,East,Reserve,N,DET
Carmelo Anthony,2008,West,Starter,N,DEN
Kobe Bryant,2008,West,Starter,N,LAL
Tim Duncan,2008,West,Starter,N,SAS
Allen Iverson,2008,West,Starter,N,DEN
Yao Ming,2008,West,Starter,N,HOU
Carlos Boozer,2008,West,Reserve,N,UTA
Steve Nash,2008,West,Reserve,N,PHO
Dirk Nowitzki,2008,West,Reserve,N,DAL
Chris Paul,2008,West,Reserve,N,NOH
Brandon Roy,2008,West,Reserve,N,POR
Amar'e Stoudemire,2008,West,Reserve,N,PHO
David West,2008,West,Reserve,N,NOH
Caron Butler,2008,West,DNP,N,WAS
Kevin Garnett,2008,West,DNP,N,BOS
Gilbert Arenas,2007,East,Starter,N,WAS
Chris Bosh,2007,East,Starter,N,TOR
LeBron James,2007,East,Starter,N,CLE
Shaquille O'Neal,2007,East,Starter,N,MIA
Dwyane Wade,2007,East,Starter,N,MIA
Chauncey Billups,2007,East,Reserve,N,DET
Caron Butler,2007,East,Reserve,N,WAS
Vince Carter,2007,East,Reserve,N,NJN
Richard Hamilton,2007,East,Reserve,N,DET
Dwight Howard,2007,East,Reserve,N,ORL
Joe Johnson,2007,East,Reserve,N,ATL
Jermaine O'Neal,2007,East,Reserve,N,IND
Kobe Bryant,2007,West,Starter,Y,LAL
Tim Duncan,2007,West,Starter,N,SAS
Kevin Garnett,2007,West,Starter,N,MIN
Tracy McGrady,2007,West,Starter,N,HOU
Dirk Nowitzki,2007,West,Starter,N,DAL
Ray Allen,2007,West,Reserve,N,SEA
Carmelo Anthony,2007,West,Reserve,N,DEN
Josh Howard,2007,West,Reserve,N,DAL
Shawn Marion,2007,West,Reserve,N,PHO
Mehmet Okur,2007,West,Reserve,N,UTA
Tony Parker,2007,West,Reserve,N,SAS
Amar'e Stoudemire,2007,West,Reserve,N,PHO
Carlos Boozer,2007,West,DNP,N,UTA
Allen Iverson,2007,West,DNP,N,DEN
Jason Kidd,2007,West,DNP,N,NJN
Yao Ming,2007,West,DNP,N,HOU
Steve Nash,2007,West,DNP,N,NA
Vince Carter,2006,East,Starter,N,NJN
Allen Iverson,2006,East,Starter,N,PHI
LeBron James,2006,East,Starter,Y,CLE
Shaquille O'Neal,2006,East,Starter,N,MIA
Dwyane Wade,2006,East,Starter,N,MIA
Gilbert Arenas,2006,East,Reserve,N,WAS
Chauncey Billups,2006,East,Reserve,N,DET
Chris Bosh,2006,East,Reserve,N,TOR
Richard Hamilton,2006,East,Reserve,N,DET
Paul Pierce,2006,East,Reserve,N,BOS
Ben Wallace,2006,East,Reserve,N,DET
Rasheed Wallace,2006,East,Reserve,N,DET
Kobe Bryant,2006,West,Starter,N,LAL
Tim Duncan,2006,West,Starter,N,SAS
Tracy McGrady,2006,West,Starter,N,HOU
Yao Ming,2006,West,Starter,N,HOU
Steve Nash,2006,West,Starter,N,PHO
Ray Allen,2006,West,Reserve,N,SEA
Elton Brand,2006,West,Reserve,N,LAC
Kevin Garnett,2006,West,Reserve,N,MIN
Pau Gasol,2006,West,Reserve,N,MEM
Shawn Marion,2006,West,Reserve,N,PHO
Dirk Nowitzki,2006,West,Reserve,N,DAL
Tony Parker,2006,West,Reserve,N,SAS
Jermaine O'Neal,2006,West,DNP,N,NA
Vince Carter,2005,East,Starter,N,NJN
Grant Hill,2005,East,Starter,N,ORL
Allen Iverson,2005,East,Starter,Y,PHI
LeBron James,2005,East,Starter,N,CLE
Shaquille O'Neal,2005,East,Starter,N,MIA
Gilbert Arenas,2005,East,Reserve,N,WAS
Zydrunas Ilgauskas,2005,East,Reserve,N,CLE
Antawn Jamison,2005,East,Reserve,N,WAS
Jermaine O'Neal,2005,East,Reserve,N,IND
Paul Pierce,2005,East,Reserve,N,BOS
Dwyane Wade,2005,East,Reserve,N,MIA
Ben Wallace,2005,East,Reserve,N,DET
Kobe Bryant,2005,West,Starter,N,LAL
Tim Duncan,2005,West,Starter,N,SAS
Kevin Garnett,2005,West,Starter,N,MIN
Tracy McGrady,2005,West,Starter,N,HOU
Yao Ming,2005,West,Starter,N,HOU
Ray Allen,2005,West,Reserve,N,SEA
Manu Ginobili,2005,West,Reserve,N,SAS
Rashard Lewis,2005,West,Reserve,N,SEA
Shawn Marion,2005,West,Reserve,N,PHO
Steve Nash,2005,West,Reserve,N,PHO
Dirk Nowitzki,2005,West,Reserve,N,DAL
Amar'e Stoudemire,2005,West,Reserve,N,PHO
Vince Carter,2004,East,Starter,N,TOR
Allen Iverson,2004,East,Starter,N,PHI
Tracy McGrady,2004,East,Starter,N,ORL
Jermaine O'Neal,2004,East,Starter,N,IND
Ben Wallace,2004,East,Starter,N,DET
Baron Davis,2004,East,Reserve,N,NOH
Jason Kidd,2004,East,Reserve,N,NJN
Jamaal Magloire,2004,East,Reserve,N,NOH
Kenyon Martin,2004,East,Reserve,N,NJN
Paul Pierce,2004,East,Reserve,N,BOS
Michael Redd,2004,East,Reserve,N,MIL
Metta World Peace,2004,East,Reserve,N,IND
Kobe Bryant,2004,West,Starter,N,LAL
Tim Duncan,2004,West,Starter,N,SAS
Steve Francis,2004,West,Starter,N,HOU
Kevin Garnett,2004,West,Starter,N,MIN
Yao Ming,2004,West,Starter,N,HOU
Ray Allen,2004,West,Reserve,N,SEA
Sam Cassell,2004,West,Reserve,N,MIN
Andrei Kirilenko,2004,West,Reserve,N,UTA
Brad Miller,2004,West,Reserve,N,SAC
Dirk Nowitzki,2004,West,Reserve,N,DAL
Shaquille O'Neal,2004,West,Reserve,Y,LAL
Peja Stojakovic,2004,West,Reserve,N,SAC
Allen Iverson,2003,East,Starter,N,PHI
Michael Jordan,2003,East,Starter,N,WAS
Tracy McGrady,2003,East,Starter,N,ORL
Jermaine O'Neal,2003,East,Starter,N,IND
Ben Wallace,2003,East,Starter,N,DET
Vince Carter,2003,East,Reserve,N,TOR
Zydrunas Ilgauskas,2003,East,Reserve,N,CLE
Jason Kidd,2003,East,Reserve,N,NJN
Jamal Mashburn,2003,East,Reserve,N,NOH
Brad Miller,2003,East,Reserve,N,IND
Paul Pierce,2003,East,Reserve,N,BOS
Antoine Walker,2003,East,Reserve,N,BOS
Kobe Bryant,2003,West,Starter,N,LAL
Tim Duncan,2003,West,Starter,N,SAS
Steve Francis,2003,West,Starter,N,HOU
Kevin Garnett,2003,West,Starter,Y,MIN
Yao Ming,2003,West,Starter,N,HOU
Stephon Marbury,2003,West,Reserve,N,PHO
Shawn Marion,2003,West,Reserve,N,PHO
Steve Nash,2003,West,Reserve,N,DAL
Dirk Nowitzki,2003,West,Reserve,N,DAL
Shaquille O'Neal,2003,West,Reserve,N,LAL
Gary Payton,2003,West,Reserve,N,SEA
Peja Stojakovic,2003,West,Reserve,N,SAC
Chris Webber,2003,West,DNP,N,NA
Allen Iverson,2002,East,Starter,N,PHI
Michael Jordan,2002,East,Starter,N,WAS
Jason Kidd,2002,East,Starter,N,NJN
Dikembe Mutombo,2002,East,Starter,N,PHI
Antoine Walker,2002,East,Starter,N,BOS
Shareef Abdur-Rahim,2002,East,Reserve,N,ATL
Ray Allen,2002,East,Reserve,N,MIL
Baron Davis,2002,East,Reserve,N,CHH
Tracy McGrady,2002,East,Reserve,N,ORL
Alonzo Mourning,2002,East,Reserve,N,MIA
Jermaine O'Neal,2002,East,Reserve,N,IND
Paul Pierce,2002,East,Reserve,N,BOS
Kobe Bryant,2002,West,Starter,Y,LAL
Tim Duncan,2002,West,Starter,N,SAS
Steve Francis,2002,West,Starter,N,HOU
Kevin Garnett,2002,West,Starter,N,MIN
Chris Webber,2002,West,Starter,N,SAC
Elton Brand,2002,West,Reserve,N,LAC
Steve Nash,2002,West,Reserve,N,DAL
Dirk Nowitzki,2002,West,Reserve,N,DAL
Gary Payton,2002,West,Reserve,N,SEA
Peja Stojakovic,2002,West,Reserve,N,SAC
Wally Szczerbiak,2002,West,Reserve,N,MIN
Vince Carter,2002,West,DNP,N,NA
Karl Malone,2002,West,DNP,N,NA
Shaquille O'Neal,2002,West,DNP,N,NA
Vince Carter,2001,East,Starter,N,TOR
Antonio Davis,2001,East,Starter,N,TOR
Allen Iverson,2001,East,Starter,Y,PHI
Anthony Mason,2001,East,Starter,N,MIA
Tracy McGrady,2001,East,Starter,N,ORL
Ray Allen,2001,East,Reserve,N,MIL
Allan Houston,2001,East,Reserve,N,NYK
Stephon Marbury,2001,East,Reserve,N,NJN
Dikembe Mutombo,2001,East,Reserve,N,ATL
Glenn Robinson,2001,East,Reserve,N,MIL
Latrell Sprewell,2001,East,Reserve,N,NYK
Jerry Stackhouse,2001,East,Reserve,N,DET
Kobe Bryant,2001,West,Starter,N,LAL
Tim Duncan,2001,West,Starter,N,SAS
Kevin Garnett,2001,West,Starter,N,MIN
Jason Kidd,2001,West,Starter,N,PHO
Chris Webber,2001,West,Starter,N,SAC
Vlade Divac,2001,West,Reserve,N,SAC
Michael Finley,2001,West,Reserve,N,DAL
Karl Malone,2001,West,Reserve,N,UTA
Antonio McDyess,2001,West,Reserve,N,DEN
Gary Payton,2001,West,Reserve,N,SEA
David Robinson,2001,West,Reserve,N,SAS
Rasheed Wallace,2001,West,Reserve,N,POR
Grant Hill,2001,West,DNP,N,NA
Alonzo Mourning,2001,West,DNP,N,CHA
Shaquille O'Neal,2001,West,DNP,N,NA
Theo Ratliff,2001,West,DNP,N,NA
Vince Carter,2000,East,Starter,N,TOR
Grant Hill,2000,East,Starter,N,DET
Allen Iverson,2000,East,Starter,N,PHI
Eddie Jones,2000,East,Starter,N,CHH
Alonzo Mourning,2000,East,Starter,N,MIA
Ray Allen,2000,East,Reserve,N,MIL
Dale Davis,2000,East,Reserve,N,IND
Allan Houston,2000,East,Reserve,N,NYK
Reggie Miller,2000,East,Reserve,N,IND
Dikembe Mutombo,2000,East,Reserve,N,ATL
Glenn Robinson,2000,East,Reserve,N,MIL
Jerry Stackhouse,2000,East,Reserve,N,DET
Kobe Bryant,2000,West,Starter,N,LAL
Tim Duncan,2000,West,Starter,Y,SAS
Kevin Garnett,2000,West,Starter,N,MIN
Jason Kidd,2000,West,Starter,N,PHO
Shaquille O'Neal,2000,West,Starter,Y,LAL
Michael Finley,2000,West,Reserve,N,DAL
Karl Malone,2000,West,Reserve,N,UTA
Gary Payton,2000,West,Reserve,N,SEA
David Robinson,2000,West,Reserve,N,SAS
John Stockton,2000,West,Reserve,N,UTA
Rasheed Wallace,2000,West,Reserve,N,POR
Chris Webber,2000,West,Reserve,N,SAC
Anfernee Hardaway,1998,East,Starter,N,ORL
Grant Hill,1998,East,Starter,N,DET
Michael Jordan,1998,East,Starter,Y,CHI
Shawn Kemp,1998,East,Starter,N,CLE
Dikembe Mutombo,1998,East,Starter,N,ATL
Tim Hardaway,1998,East,Reserve,N,MIA
Reggie Miller,1998,East,Reserve,N,IND
Glen Rice,1998,East,Reserve,N,CHH
Steve Smith,1998,East,Reserve,N,ATL
Rik Smits,1998,East,Reserve,N,IND
Antoine Walker,1998,East,Reserve,N,BOS
Jayson Williams,1998,East,Reserve,N,NJN
Kobe Bryant,1998,West,Starter,N,LAL
Kevin Garnett,1998,West,Starter,N,MIN
Karl Malone,1998,West,Starter,N,UTA
Shaquille O'Neal,1998,West,Starter,N,LAL
Gary Payton,1998,West,Starter,N,SEA
Vin Baker,1998,West,Reserve,N,SEA
Tim Duncan,1998,West,Reserve,N,SAS
Eddie Jones,1998,West,Reserve,N,LAL
Jason Kidd,1998,West,Reserve,N,PHO
Mitch Richmond,1998,West,Reserve,N,SAC
David Robinson,1998,West,Reserve,N,SAS
Nick Van Exel,1998,West,Reserve,N,LAL
Anfernee Hardaway,1997,East,Starter,N,ORL
Grant Hill,1997,East,Starter,N,DET
Michael Jordan,1997,East,Starter,N,CHI
Dikembe Mutombo,1997,East,Starter,N,ATL
Scottie Pippen,1997,East,Starter,N,CHI
Vin Baker,1997,East,Reserve,N,MIL
Terrell Brandon,1997,East,Reserve,N,CLE
Joe Dumars,1997,East,Reserve,N,DET
Tim Hardaway,1997,East,Reserve,N,MIA
Christian Laettner,1997,East,Reserve,N,ATL
Glen Rice,1997,East,Reserve,Y,CHH
Chris Webber,1997,East,Reserve,N,WSB
Shawn Kemp,1997,West,Starter,N,SEA
Karl Malone,1997,West,Starter,N,UTA
Hakeem Olajuwon,1997,West,Starter,N,HOU
Gary Payton,1997,West,Starter,N,SEA
John Stockton,1997,West,Starter,N,UTA
Kevin Garnett,1997,West,Reserve,N,MIN
Chris Gatling,1997,West,Reserve,N,DAL
Tom Gugliotta,1997,West,Reserve,N,MIN
Eddie Jones,1997,West,Reserve,N,LAL
Mitch Richmond,1997,West,Reserve,N,SAC
Detlef Schrempf,1997,West,Reserve,N,SEA
Latrell Sprewell,1997,West,Reserve,N,GSW
Charles Barkley,1997,West,DNP,N,NA
Clyde Drexler,1997,West,DNP,N,NA
Patrick Ewing,1997,West,DNP,N,NA
Alonzo Mourning,1997,West,DNP,N,MIA
Shaquille O'Neal,1997,West,DNP,N,NA
Anfernee Hardaway,1996,East,Starter,N,ORL
Grant Hill,1996,East,Starter,N,DET
Michael Jordan,1996,East,Starter,Y,CHI
Shaquille O'Neal,1996,East,Starter,N,ORL
Scottie Pippen,1996,East,Starter,N,CHI
Vin Baker,1996,East,Reserve,N,MIL
Terrell Brandon,1996,East,Reserve,N,CLE
Patrick Ewing,1996,East,Reserve,N,NYK
Juwan Howard,1996,East,Reserve,N,WSB
Reggie Miller,1996,East,Reserve,N,IND
Alonzo Mourning,1996,East,Reserve,N,MIA
Glen Rice,1996,East,Reserve,N,CHH
Charles Barkley,1996,West,Starter,N,PHO
Clyde Drexler,1996,West,Starter,N,HOU
Shawn Kemp,1996,West,Starter,N,SEA
Jason Kidd,1996,West,Starter,N,DAL
Hakeem Olajuwon,1996,West,Starter,N,HOU
Sean Elliott,1996,West,Reserve,N,SAS
Karl Malone,1996,West,Reserve,N,UTA
Dikembe Mutombo,1996,West,Reserve,N,DEN
Gary Payton,1996,West,Reserve,N,SEA
Mitch Richmond,1996,West,Reserve,N,SAC
David Robinson,1996,West,Reserve,N,SAS
John Stockton,1996,West,Reserve,N,UTA
Anfernee Hardaway,1995,East,Starter,N,ORL
Grant Hill,1995,East,Starter,N,DET
Reggie Miller,1995,East,Starter,N,IND
Shaquille O'Neal,1995,East,Starter,N,ORL
Scottie Pippen,1995,East,Starter,N,CHI
Vin Baker,1995,East,Reserve,N,MIL
Dana Barros,1995,East,Reserve,N,PHI
Joe Dumars,1995,East,Reserve,N,DET
Patrick Ewing,1995,East,Reserve,N,NYK
Tyrone Hill,1995,East,Reserve,N,CLE
Larry Johnson,1995,East,Reserve,N,CHH
Alonzo Mourning,1995,East,Reserve,N,CHH
Charles Barkley,1995,West,Starter,N,PHO
Shawn Kemp,1995,West,Starter,N,SEA
Dan Majerle,1995,West,Starter,N,PHO
Hakeem Olajuwon,1995,West,Starter,N,HOU
Latrell Sprewell,1995,West,Starter,N,GSW
Karl Malone,1995,West,Reserve,N,UTA
Dikembe Mutombo,1995,West,Reserve,N,DEN
Gary Payton,1995,West,Reserve,N,SEA
Mitch Richmond,1995,West,Reserve,Y,SAC
David Robinson,1995,West,Reserve,N,SAS
Detlef Schrempf,1995,West,Reserve,N,SEA
John Stockton,1995,West,Reserve,N,UTA
Cedric Ceballos,1995,West,DNP,N,NA
Kenny Anderson,1994,East,Starter,N,NJN
B.J. Armstrong,1994,East,Starter,N,CHI
Derrick Coleman,1994,East,Starter,N,NJN
Shaquille O'Neal,1994,East,Starter,N,ORL
Scottie Pippen,1994,East,Starter,Y,CHI
Mookie Blaylock,1994,East,Reserve,N,ATL
Patrick Ewing,1994,East,Reserve,N,NYK
Horace Grant,1994,East,Reserve,N,CHI
Charles Oakley,1994,East,Reserve,N,NYK
Mark Price,1994,East,Reserve,N,CLE
John Starks,1994,East,Reserve,N,NYK
Dominique Wilkins,1994,East,Reserve,N,ATL
Clyde Drexler,1994,West,Starter,N,POR
Shawn Kemp,1994,West,Starter,N,SEA
Karl Malone,1994,West,Starter,N,UTA
Hakeem Olajuwon,1994,West,Starter,N,HOU
Mitch Richmond,1994,West,Starter,N,SAC
Kevin Johnson,1994,West,Reserve,N,PHO
Danny Manning,1994,West,Reserve,N,LAC
Gary Payton,1994,West,Reserve,N,SEA
Clifford Robinson,1994,West,Reserve,N,POR
David Robinson,1994,West,Reserve,N,SAS
Latrell Sprewell,1994,West,Reserve,N,GSW
John Stockton,1994,West,Reserve,N,UTA
Charles Barkley,1994,West,DNP,N,NA
Alonzo Mourning,1994,West,DNP,N,MIA
Larry Johnson,1993,East,Starter,N,CHH
Michael Jordan,1993,East,Starter,N,CHI
Shaquille O'Neal,1993,East,Starter,N,ORL
Scottie Pippen,1993,East,Starter,N,CHI
Isiah Thomas,1993,East,Starter,N,DET
Brad Daugherty,1993,East,Reserve,N,CLE
Joe Dumars,1993,East,Reserve,N,DET
Patrick Ewing,1993,East,Reserve,N,NYK
Larry Nance,1993,East,Reserve,N,CLE
Mark Price,1993,East,Reserve,N,CLE
Detlef Schrempf,1993,East,Reserve,N,IND
Dominique Wilkins,1993,East,Reserve,N,ATL
Charles Barkley,1993,West,Starter,N,PHO
Clyde Drexler,1993,West,Starter,N,POR
Karl Malone,1993,West,Starter,Y,UTA
David Robinson,1993,West,Starter,N,SAS
John Stockton,1993,West,Starter,Y,UTA
Sean Elliott,1993,West,Reserve,N,SAS
Tim Hardaway,1993,West,Reserve,N,GSW
Shawn Kemp,1993,West,Reserve,N,SEA
Dan Majerle,1993,West,Reserve,N,PHO
Danny Manning,1993,West,Reserve,N,LAC
Hakeem Olajuwon,1993,West,Reserve,N,HOU
Terry Porter,1993,West,Reserve,N,POR
Chris Mullin,1993,West,DNP,N,NA
Mitch Richmond,1993,West,DNP,N,NA
Charles Barkley,1992,East,Starter,N,PHI
Patrick Ewing,1992,East,Starter,N,NYK
Michael Jordan,1992,East,Starter,N,CHI
Scottie Pippen,1992,East,Starter,N,CHI
Isiah Thomas,1992,East,Starter,N,DET
Michael Adams,1992,East,Reserve,N,WSB
Brad Daugherty,1992,East,Reserve,N,CLE
Joe Dumars,1992,East,Reserve,N,DET
Reggie Lewis,1992,East,Reserve,N,BOS
Mark Price,1992,East,Reserve,N,CLE
Dennis Rodman,1992,East,Reserve,N,DET
Kevin Willis,1992,East,Reserve,N,ATL
Clyde Drexler,1992,West,Starter,N,POR
Magic Johnson,1992,West,Starter,Y,LAL
Karl Malone,1992,West,Starter,N,UTA
Chris Mullin,1992,West,Starter,N,GSW
David Robinson,1992,West,Starter,N,SAS
Tim Hardaway,1992,West,Reserve,N,GSW
Jeff Hornacek,1992,West,Reserve,N,PHO
Dan Majerle,1992,West,Reserve,N,PHO
Dikembe Mutombo,1992,West,Reserve,N,DEN
Hakeem Olajuwon,1992,West,Reserve,N,HOU
John Stockton,1992,West,Reserve,N,UTA
Otis Thorpe,1992,West,Reserve,N,HOU
James Worthy,1992,West,Reserve,N,LAL
Larry Bird,1992,West,DNP,N,BOS
Dominique Wilkins,1992,West,DNP,N,NA
Charles Barkley,1991,East,Starter,Y,PHI
Joe Dumars,1991,East,Starter,N,DET
Patrick Ewing,1991,East,Starter,N,NYK
Michael Jordan,1991,East,Starter,N,CHI
Bernard King,1991,East,Starter,N,WSB
Brad Daugherty,1991,East,Reserve,N,CLE
Hersey Hawkins,1991,East,Reserve,N,PHI
Kevin McHale,1991,East,Reserve,N,BOS
Robert Parish,1991,East,Reserve,N,BOS
Ricky Pierce,1991,East,Reserve,N,MIL
Alvin Robertson,1991,East,Reserve,N,MIL
Dominique Wilkins,1991,East,Reserve,N,ATL
Kevin Johnson,1991,West,Starter,N,PHO
Magic Johnson,1991,West,Starter,N,LAL
Karl Malone,1991,West,Starter,N,UTA
Chris Mullin,1991,West,Starter,N,GSW
David Robinson,1991,West,Starter,N,SAS
Tom Chambers,1991,West,Reserve,N,PHO
Clyde Drexler,1991,West,Reserve,N,POR
Kevin Duckworth,1991,West,Reserve,N,POR
Tim Hardaway,1991,West,Reserve,N,GSW
Terry Porter,1991,West,Reserve,N,POR
John Stockton,1991,West,Reserve,N,UTA
James Worthy,1991,West,Reserve,N,LAL
Larry Bird,1991,West,DNP,N,BOS
Isiah Thomas,1991,West,DNP,N,NA
Charles Barkley,1990,East,Starter,N,PHI
Larry Bird,1990,East,Starter,N,BOS
Patrick Ewing,1990,East,Starter,N,NYK
Michael Jordan,1990,East,Starter,N,CHI
Isiah Thomas,1990,East,Starter,N,DET
Joe Dumars,1990,East,Reserve,N,DET
Kevin McHale,1990,East,Reserve,N,BOS
Reggie Miller,1990,East,Reserve,N,IND
Robert Parish,1990,East,Reserve,N,BOS
Scottie Pippen,1990,East,Reserve,N,CHI
Dennis Rodman,1990,East,Reserve,N,DET
Dominique Wilkins,1990,East,Reserve,N,ATL
A.C. Green,1990,West,Starter,N,LAL
Magic Johnson,1990,West,Starter,Y,LAL
Hakeem Olajuwon,1990,West,Starter,N,HOU
John Stockton,1990,West,Starter,N,UTA
James Worthy,1990,West,Starter,N,LAL
Rolando Blackman,1990,West,Reserve,N,DAL
Tom Chambers,1990,West,Reserve,N,PHO
Clyde Drexler,1990,West,Reserve,N,POR
Kevin Johnson,1990,West,Reserve,N,PHO
Fat Lever,1990,West,Reserve,N,DEN
Chris Mullin,1990,West,Reserve,N,GSW
David Robinson,1990,West,Reserve,N,SAS
Karl Malone,1990,West,DNP,N,NA
Charles Barkley,1989,East,Starter,N,PHI
Michael Jordan,1989,East,Starter,N,CHI
Moses Malone,1989,East,Starter,N,ATL
Isiah Thomas,1989,East,Starter,N,DET
Dominique Wilkins,1989,East,Starter,N,ATL
Terry Cummings,1989,East,Reserve,N,MIL
Brad Daugherty,1989,East,Reserve,N,CLE
Patrick Ewing,1989,East,Reserve,N,NYK
Mark Jackson,1989,East,Reserve,N,NYK
Kevin McHale,1989,East,Reserve,N,BOS
Larry Nance,1989,East,Reserve,N,CLE
Mark Price,1989,East,Reserve,N,CLE
Dale Ellis,1989,West,Starter,N,SEA
Alex English,1989,West,Starter,N,DEN
Karl Malone,1989,West,Starter,Y,UTA
Hakeem Olajuwon,1989,West,Starter,N,HOU
John Stockton,1989,West,Starter,N,UTA
Tom Chambers,1989,West,Reserve,N,PHO
Clyde Drexler,1989,West,Reserve,N,POR
Kevin Duckworth,1989,West,Reserve,N,POR
Mark Eaton,1989,West,Reserve,N,UTA
Chris Mullin,1989,West,Reserve,N,GSW
James Worthy,1989,West,Reserve,N,LAL
Kareem Abdul-Jabbar,1989,West,DNP,N,LAL
Magic Johnson,1989,West,DNP,N,LAL
Larry Bird,1988,East,Starter,N,BOS
Michael Jordan,1988,East,Starter,Y,CHI
Moses Malone,1988,East,Starter,N,WSB
Isiah Thomas,1988,East,Starter,N,DET
Dominique Wilkins,1988,East,Starter,N,ATL
Danny Ainge,1988,East,Reserve,N,BOS
Charles Barkley,1988,East,Reserve,N,PHI
Maurice Cheeks,1988,East,Reserve,N,PHI
Brad Daugherty,1988,East,Reserve,N,CLE
Patrick Ewing,1988,East,Reserve,N,NYK
Kevin McHale,1988,East,Reserve,N,BOS
Doc Rivers,1988,East,Reserve,N,ATL
Alex English,1988,West,Starter,N,DEN
Magic Johnson,1988,West,Starter,N,LAL
Fat Lever,1988,West,Starter,N,DEN
Karl Malone,1988,West,Starter,N,UTA
Hakeem Olajuwon,1988,West,Starter,N,HOU
Kareem Abdul-Jabbar,1988,West,Reserve,N,LAL
Mark Aguirre,1988,West,Reserve,N,DAL
James Donaldson,1988,West,Reserve,N,DAL
Clyde Drexler,1988,West,Reserve,N,POR
Xavier McDaniel,1988,West,Reserve,N,SEA
Alvin Robertson,1988,West,Reserve,N,SAS
James Worthy,1988,West,Reserve,N,LAL
Steve Johnson,1988,West,DNP,N,NA
Larry Bird,1987,East,Starter,N,BOS
Julius Erving,1987,East,Starter,N,PHI
Michael Jordan,1987,East,Starter,N,CHI
Moses Malone,1987,East,Starter,N,WSB
Dominique Wilkins,1987,East,Starter,N,ATL
Charles Barkley,1987,East,Reserve,N,PHI
Maurice Cheeks,1987,East,Reserve,N,PHI
Bill Laimbeer,1987,East,Reserve,N,DET
Jeff Malone,1987,East,Reserve,N,WSB
Kevin McHale,1987,East,Reserve,N,BOS
Robert Parish,1987,East,Reserve,N,BOS
Isiah Thomas,1987,East,Reserve,N,DET
Tom Chambers,1987,West,Starter,Y,SEA
Magic Johnson,1987,West,Starter,N,LAL
Hakeem Olajuwon,1987,West,Starter,N,HOU
Alvin Robertson,1987,West,Starter,N,SAS
James Worthy,1987,West,Starter,N,LAL
Kareem Abdul-Jabbar,1987,West,Reserve,N,LAL
Mark Aguirre,1987,West,Reserve,N,DAL
Rolando Blackman,1987,West,Reserve,N,DAL
Joe Barry Carroll,1987,West,Reserve,N,GSW
Walter Davis,1987,West,Reserve,N,PHO
Alex English,1987,West,Reserve,N,DEN
Sleepy Floyd,1987,West,Reserve,N,GSW
Ralph Sampson,1987,West,DNP,N,NA
Larry Bird,1986,East,Starter,N,BOS
Julius Erving,1986,East,Starter,N,PHI
Moses Malone,1986,East,Starter,N,PHI
Sidney Moncrief,1986,East,Starter,N,MIL
Isiah Thomas,1986,East,Starter,Y,DET
Maurice Cheeks,1986,East,Reserve,N,PHI
Jeff Malone,1986,East,Reserve,N,WSB
Kevin McHale,1986,East,Reserve,N,BOS
Robert Parish,1986,East,Reserve,N,BOS
Dominique Wilkins,1986,East,Reserve,N,ATL
Buck Williams,1986,East,Reserve,N,NJN
Kareem Abdul-Jabbar,1986,West,Starter,N,LAL
Magic Johnson,1986,West,Starter,N,LAL
Alvin Robertson,1986,West,Starter,N,SAS
Ralph Sampson,1986,West,Starter,N,HOU
James Worthy,1986,West,Starter,N,LAL
Rolando Blackman,1986,West,Reserve,N,DAL
Adrian Dantley,1986,West,Reserve,N,UTA
Clyde Drexler,1986,West,Reserve,N,POR
Alex English,1986,West,Reserve,N,DEN
Artis Gilmore,1986,West,Reserve,N,SAS
Marques Johnson,1986,West,Reserve,N,LAC
Hakeem Olajuwon,1986,West,Reserve,N,HOU
Patrick Ewing,1986,West,DNP,N,NYK
Michael Jordan,1986,West,DNP,N,CHI
Larry Bird,1985,East,Starter,N,BOS
Julius Erving,1985,East,Starter,N,PHI
Michael Jordan,1985,East,Starter,N,CHI
Moses Malone,1985,East,Starter,N,PHI
Isiah Thomas,1985,East,Starter,N,DET
Terry Cummings,1985,East,Reserve,N,MIL
Dennis Johnson,1985,East,Reserve,N,BOS
Bernard King,1985,East,Reserve,N,NYK
Bill Laimbeer,1985,East,Reserve,N,DET
Sidney Moncrief,1985,East,Reserve,N,MIL
Robert Parish,1985,East,Reserve,N,BOS
Micheal Ray Richardson,1985,East,Reserve,N,NJN
Kareem Abdul-Jabbar,1985,West,Starter,N,LAL
Adrian Dantley,1985,West,Starter,N,UTA
George Gervin,1985,West,Starter,N,SAS
Magic Johnson,1985,West,Starter,N,LAL
Ralph Sampson,1985,West,Starter,Y,HOU
Rolando Blackman,1985,West,Reserve,N,DAL
Alex English,1985,West,Reserve,N,DEN
Larry Nance,1985,West,Reserve,N,PHO
Calvin Natt,1985,West,Reserve,N,DEN
Norm Nixon,1985,West,Reserve,N,LAC
Hakeem Olajuwon,1985,West,Reserve,N,HOU
Jack Sikma,1985,West,Reserve,N,SEA
Jeff Ruland,1985,West,DNP,N,NA
Larry Bird,1984,East,Starter,N,BOS
Julius Erving,1984,East,Starter,N,PHI
Sidney Moncrief,1984,East,Starter,N,MIL
Robert Parish,1984,East,Starter,N,BOS
Isiah Thomas,1984,East,Starter,Y,DET
Otis Birdsong,1984,East,Reserve,N,NJN
Bernard King,1984,East,Reserve,N,NYK
Bill Laimbeer,1984,East,Reserve,N,DET
Kevin McHale,1984,East,Reserve,N,BOS
Jeff Ruland,1984,East,Reserve,N,WSB
Andrew Toney,1984,East,Reserve,N,PHI
Kelly Tripucka,1984,East,Reserve,N,DET
Kareem Abdul-Jabbar,1984,West,Starter,N,LAL
Adrian Dantley,1984,West,Starter,N,UTA
Alex English,1984,West,Starter,N,DEN
George Gervin,1984,West,Starter,N,SAS
Magic Johnson,1984,West,Starter,N,LAL
Mark Aguirre,1984,West,Reserve,N,DAL
Walter Davis,1984,West,Reserve,N,PHO
Rickey Green,1984,West,Reserve,N,UTA
Jim Paxson,1984,West,Reserve,N,POR
Ralph Sampson,1984,West,Reserve,N,HOU
Jack Sikma,1984,West,Reserve,N,SEA
Kiki Vandeweghe,1984,West,Reserve,N,DEN
Moses Malone,1984,West,DNP,N,NA
Larry Bird,1983,East,Starter,N,BOS
Maurice Cheeks,1983,East,Starter,N,PHI
Julius Erving,1983,East,Starter,Y,PHI
Moses Malone,1983,East,Starter,N,PHI
Isiah Thomas,1983,East,Starter,N,DET
Marques Johnson,1983,East,Reserve,N,MIL
Bill Laimbeer,1983,East,Reserve,N,DET
Sidney Moncrief,1983,East,Reserve,N,MIL
Robert Parish,1983,East,Reserve,N,BOS
Reggie Theus,1983,East,Reserve,N,CHI
Andrew Toney,1983,East,Reserve,N,PHI
Buck Williams,1983,East,Reserve,N,NJN
Kareem Abdul-Jabbar,1983,West,Starter,N,LAL
Alex English,1983,West,Starter,N,DEN
Magic Johnson,1983,West,Starter,N,LAL
Maurice Lucas,1983,West,Starter,N,PHO
David Thompson,1983,West,Starter,N,SEA
George Gervin,1983,West,Reserve,N,SAS
Artis Gilmore,1983,West,Reserve,N,SAS
Jim Paxson,1983,West,Reserve,N,POR
Jack Sikma,1983,West,Reserve,N,SEA
Kiki Vandeweghe,1983,West,Reserve,N,DEN
Jamaal Wilkes,1983,West,Reserve,N,LAL
Gus Williams,1983,West,Reserve,N,SEA
Tiny Archibald,1982,East,Starter,N,BOS
Larry Bird,1982,East,Starter,Y,BOS
Julius Erving,1982,East,Starter,N,PHI
Artis Gilmore,1982,East,Starter,N,CHI
Isiah Thomas,1982,East,Starter,N,DET
Bobby Jones,1982,East,Reserve,N,PHI
Bob Lanier,1982,East,Reserve,N,MIL
Sidney Moncrief,1982,East,Reserve,N,MIL
Robert Parish,1982,East,Reserve,N,BOS
Micheal Ray Richardson,1982,East,Reserve,N,NYK
Kelly Tripucka,1982,East,Reserve,N,DET
Buck Williams,1982,East,Reserve,N,NJN
Kareem Abdul-Jabbar,1982,West,Starter,N,LAL
Adrian Dantley,1982,West,Starter,N,UTA
George Gervin,1982,West,Starter,N,SAS
Lonnie Shelton,1982,West,Starter,N,SEA
Gus Williams,1982,West,Starter,N,SEA
Alex English,1982,West,Reserve,N,DEN
Dennis Johnson,1982,West,Reserve,N,PHO
Magic Johnson,1982,West,Reserve,N,LAL
Bernard King,1982,West,Reserve,N,GSW
Moses Malone,1982,West,Reserve,N,HOU
Norm Nixon,1982,West,Reserve,N,LAL
Jack Sikma,1982,West,Reserve,N,SEA
Dan Roundfield,1982,West,DNP,N,ATL
Larry Bird,1981,East,Starter,N,BOS
Julius Erving,1981,East,Starter,N,PHI
Artis Gilmore,1981,East,Starter,N,CHI
Eddie Johnson,1981,East,Starter,N,ATL
Reggie Theus,1981,East,Starter,N,CHI
Tiny Archibald,1981,East,Reserve,Y,BOS
Marques Johnson,1981,East,Reserve,N,MIL
Bobby Jones,1981,East,Reserve,N,PHI
Mike Mitchell,1981,East,Reserve,N,CLE
Robert Parish,1981,East,Reserve,N,BOS
Micheal Ray Richardson,1981,East,Reserve,N,NYK
Kareem Abdul-Jabbar,1981,West,Starter,N,LAL
Adrian Dantley,1981,West,Starter,N,UTA
Walter Davis,1981,West,Starter,N,PHO
George Gervin,1981,West,Starter,N,SAS
Paul Westphal,1981,West,Starter,N,SEA
Otis Birdsong,1981,West,Reserve,N,KCK
Dennis Johnson,1981,West,Reserve,N,PHO
Moses Malone,1981,West,Reserve,N,HOU
Truck Robinson,1981,West,Reserve,N,PHO
Jack Sikma,1981,West,Reserve,N,SEA
Jamaal Wilkes,1981,West,Reserve,N,LAL
Dan Roundfield,1981,West,DNP,N,ATL
John Drew,1980,East,Starter,N,ATL
Julius Erving,1980,East,Starter,N,PHI
George Gervin,1980,East,Starter,Y,SAS
Eddie Johnson,1980,East,Starter,N,ATL
Moses Malone,1980,East,Starter,N,HOU
Tiny Archibald,1980,East,Reserve,N,BOS
Larry Bird,1980,East,Reserve,N,BOS
Bill Cartwright,1980,East,Reserve,N,NYK
Elvin Hayes,1980,East,Reserve,N,WSB
Micheal Ray Richardson,1980,East,Reserve,N,NYK
Dan Roundfield,1980,East,Reserve,N,ATL
Kareem Abdul-Jabbar,1980,West,Starter,N,LAL
Adrian Dantley,1980,West,Starter,N,UTA
World B. Free,1980,West,Starter,N,SDC
Magic Johnson,1980,West,Starter,N,LAL
Marques Johnson,1980,West,Starter,N,MIL
Otis Birdsong,1980,West,Reserve,N,KCK
Walter Davis,1980,West,Reserve,N,PHO
Dennis Johnson,1980,West,Reserve,N,SEA
Jack Sikma,1980,West,Reserve,N,SEA
Kermit Washington,1980,West,Reserve,N,POR
Paul Westphal,1980,West,Reserve,N,PHO
Dave Cowens,1980,West,DNP,N,NA
Scott Wedman,1980,West,DNP,N,NA
Julius Erving,1979,East,Starter,N,PHI
George Gervin,1979,East,Starter,N,SAS
Moses Malone,1979,East,Starter,N,HOU
Pete Maravich,1979,East,Starter,N,NOJ
Rudy Tomjanovich,1979,East,Starter,N,HOU
Bob Dandridge,1979,East,Reserve,N,WSB
Elvin Hayes,1979,East,Reserve,N,WSB
Larry Kenon,1979,East,Reserve,N,SAS
Bob Lanier,1979,East,Reserve,N,DET
Calvin Murphy,1979,East,Reserve,N,HOU
Campy Russell,1979,East,Reserve,N,CLE
Kareem Abdul-Jabbar,1979,West,Starter,N,LAL
Marques Johnson,1979,West,Starter,N,MIL
George McGinnis,1979,West,Starter,N,DEN
David Thompson,1979,West,Starter,Y,DEN
Paul Westphal,1979,West,Starter,N,PHO
Otis Birdsong,1979,West,Reserve,N,KCK
Walter Davis,1979,West,Reserve,N,PHO
Artis Gilmore,1979,West,Reserve,N,CHI
Dennis Johnson,1979,West,Reserve,N,SEA
Maurice Lucas,1979,West,Reserve,N,POR
Jack Sikma,1979,West,Reserve,N,SEA
Doug Collins,1979,West,DNP,N,NA
Dave Cowens,1978,East,Starter,N,BOS
Julius Erving,1978,East,Starter,N,PHI
George Gervin,1978,East,Starter,N,SAS
John Havlicek,1978,East,Starter,N,BOS
Larry Kenon,1978,East,Starter,N,SAS
Doug Collins,1978,East,Reserve,N,PHI
Elvin Hayes,1978,East,Reserve,N,WSB
Moses Malone,1978,East,Reserve,N,HOU
Bob McAdoo,1978,East,Reserve,N,NYK
Truck Robinson,1978,East,Reserve,N,NOJ
Randy Smith,1978,East,Reserve,Y,BUF
Rick Barry,1978,West,Starter,N,GSW
Maurice Lucas,1978,West,Starter,N,POR
David Thompson,1978,West,Starter,N,DEN
Bill Walton,1978,West,Starter,N,POR
Paul Westphal,1978,West,Starter,N,PHO
Walter Davis,1978,West,Reserve,N,PHO
Artis Gilmore,1978,West,Reserve,N,CHI
Lionel Hollins,1978,West,Reserve,N,POR
Bobby Jones,1978,West,Reserve,N,DEN
Bob Lanier,1978,West,Reserve,N,DET
Brian Winters,1978,West,Reserve,N,MIL
Pete Maravich,1978,West,DNP,N,NA
Doug Collins,1977,East,Starter,N,PHI
Julius Erving,1977,East,Starter,Y,PHI
Pete Maravich,1977,East,Starter,N,NOJ
Bob McAdoo,1977,East,Starter,N,NYK
George McGinnis,1977,East,Starter,N,PHI
Phil Chenier,1977,East,Reserve,N,WSB
George Gervin,1977,East,Reserve,N,SAS
John Havlicek,1977,East,Reserve,N,BOS
Elvin Hayes,1977,East,Reserve,N,WSB
Earl Monroe,1977,East,Reserve,N,NYK
Rudy Tomjanovich,1977,East,Reserve,N,HOU
Jo Jo White,1977,East,Reserve,N,BOS
Dan Issel,1977,West,Starter,N,DEN
Bobby Jones,1977,West,Starter,N,DEN
David Thompson,1977,West,Starter,N,DEN
Norm Van Lier,1977,West,Starter,N,CHI
Paul Westphal,1977,West,Starter,N,PHO
Kareem Abdul-Jabbar,1977,West,Reserve,N,LAL
Rick Barry,1977,West,Reserve,N,GSW
Don Buse,1977,West,Reserve,N,IND
Billy Knight,1977,West,Reserve,N,IND
Bob Lanier,1977,West,Reserve,N,DET
Maurice Lucas,1977,West,Reserve,N,POR
Phil Smith,1977,West,Reserve,N,GSW
Dave Cowens,1977,West,DNP,N,NA
Bill Walton,1977,West,DNP,N,NA
Dave Bing,1976,East,Starter,Y,WSB
Walt Frazier,1976,East,Starter,N,NYK
John Havlicek,1976,East,Starter,N,BOS
Elvin Hayes,1976,East,Starter,N,WSB
Bob McAdoo,1976,East,Starter,N,BUF
Doug Collins,1976,East,Reserve,N,PHI
Dave Cowens,1976,East,Reserve,N,BOS
John Drew,1976,East,Reserve,N,ATL
George McGinnis,1976,East,Reserve,N,PHI
Randy Smith,1976,East,Reserve,N,BUF
Rudy Tomjanovich,1976,East,Reserve,N,HOU
Jo Jo White,1976,East,Reserve,N,BOS
Kareem Abdul-Jabbar,1976,West,Starter,N,LAL
Tiny Archibald,1976,West,Starter,N,KCK
Rick Barry,1976,West,Starter,N,GSW
Bob Dandridge,1976,West,Starter,N,MIL
Brian Winters,1976,West,Starter,N,MIL
Alvan Adams,1976,West,Reserve,N,PHO
Fred Brown,1976,West,Reserve,N,SEA
Curtis Rowe,1976,West,Reserve,N,DET
Phil Smith,1976,West,Reserve,N,GSW
Norm Van Lier,1976,West,Reserve,N,CHI
Scott Wedman,1976,West,Reserve,N,KCK
Jamaal Wilkes,1976,West,Reserve,N,GSW
Walt Frazier,1975,East,Starter,Y,NYK
John Havlicek,1975,East,Starter,N,BOS
Elvin Hayes,1975,East,Starter,N,WSB
Bob McAdoo,1975,East,Starter,N,BUF
Earl Monroe,1975,East,Starter,N,NYK
Phil Chenier,1975,East,Reserve,N,WSB
Dave Cowens,1975,East,Reserve,N,BOS
Steve Mix,1975,East,Reserve,N,PHI
Paul Silas,1975,East,Reserve,N,BOS
Rudy Tomjanovich,1975,East,Reserve,N,HOU
Wes Unseld,1975,East,Reserve,N,WSB
Jo Jo White,1975,East,Reserve,N,BOS
Kareem Abdul-Jabbar,1975,West,Starter,N,MIL
Tiny Archibald,1975,West,Starter,N,KCO
Rick Barry,1975,West,Starter,N,GSW
Gail Goodrich,1975,West,Starter,N,LAL
Spencer Haywood,1975,West,Starter,N,SEA
Dave Bing,1975,West,Reserve,N,DET
Bob Dandridge,1975,West,Reserve,N,MIL
Sam Lacey,1975,West,Reserve,N,KCO
Bob Lanier,1975,West,Reserve,N,DET
Jim Price,1975,West,Reserve,N,MIL
Charlie Scott,1975,West,Reserve,N,PHO
Sidney Wicks,1975,West,Reserve,N,POR
Dave Cowens,1974,East,Starter,N,BOS
Walt Frazier,1974,East,Starter,N,NYK
John Havlicek,1974,East,Starter,N,BOS
Lou Hudson,1974,East,Starter,N,ATL
Pete Maravich,1974,East,Starter,N,ATL
Austin Carr,1974,East,Reserve,N,CLE
Phil Chenier,1974,East,Reserve,N,CAP
Dave DeBusschere,1974,East,Reserve,N,NYK
Elvin Hayes,1974,East,Reserve,N,CAP
Bob McAdoo,1974,East,Reserve,N,BUF
Rudy Tomjanovich,1974,East,Reserve,N,HOU
Jo Jo White,1974,East,Reserve,N,BOS
Kareem Abdul-Jabbar,1974,West,Starter,N,MIL
Rick Barry,1974,West,Starter,N,GSW
Gail Goodrich,1974,West,Starter,N,LAL
Geoff Petrie,1974,West,Starter,N,POR
Chet Walker,1974,West,Starter,N,CHI
Dave Bing,1974,West,Reserve,N,DET
Spencer Haywood,1974,West,Reserve,N,SEA
Bob Lanier,1974,West,Reserve,Y,DET
Charlie Scott,1974,West,Reserve,N,PHO
Nate Thurmond,1974,West,Reserve,N,GSW
Norm Van Lier,1974,West,Reserve,N,CHI
Sidney Wicks,1974,West,Reserve,N,POR
Jerry West,1974,West,DNP,N,NA
Dave Cowens,1973,East,Starter,Y,BOS
Dave DeBusschere,1973,East,Starter,N,NYK
Walt Frazier,1973,East,Starter,N,NYK
John Havlicek,1973,East,Starter,N,BOS
Pete Maravich,1973,East,Starter,N,ATL
John Block,1973,East,Reserve,N,PHI
Bill Bradley,1973,East,Reserve,N,NYK
Elvin Hayes,1973,East,Reserve,N,BAL
Lou Hudson,1973,East,Reserve,N,ATL
Bob Kauffman,1973,East,Reserve,N,BUF
Jack Marin,1973,East,Reserve,N,HOU
Wes Unseld,1973,East,Reserve,N,BAL
Jo Jo White,1973,East,Reserve,N,BOS
Lenny Wilkens,1973,East,Reserve,N,CLE
Tiny Archibald,1973,West,Starter,N,KCO
Wilt Chamberlain,1973,West,Starter,N,LAL
Spencer Haywood,1973,West,Starter,N,SEA
Jerry West,1973,West,Starter,N,LAL
Sidney Wicks,1973,West,Starter,N,POR
Dave Bing,1973,West,Reserve,N,DET
Bob Dandridge,1973,West,Reserve,N,MIL
Gail Goodrich,1973,West,Reserve,N,LAL
Connie Hawkins,1973,West,Reserve,N,PHO
Bob Lanier,1973,West,Reserve,N,DET
Bob Love,1973,West,Reserve,N,CHI
Charlie Scott,1973,West,Reserve,N,PHO
Nate Thurmond,1973,West,Reserve,N,GSW
Chet Walker,1973,West,Reserve,N,CHI
Kareem Abdul-Jabbar,1973,West,DNP,N,NA
Rick Barry,1973,West,DNP,N,NA
Dave Cowens,1972,East,Starter,N,BOS
Billy Cunningham,1972,East,Starter,N,PHI
Walt Frazier,1972,East,Starter,N,NYK
John Havlicek,1972,East,Starter,N,BOS
Lou Hudson,1972,East,Starter,N,ATL
Butch Beard,1972,East,Reserve,N,CLE
Archie Clark,1972,East,Reserve,N,BAL
Dave DeBusschere,1972,East,Reserve,N,NYK
John Johnson,1972,East,Reserve,N,CLE
Bob Kauffman,1972,East,Reserve,N,BUF
Jack Marin,1972,East,Reserve,N,BAL
Wes Unseld,1972,East,Reserve,N,BAL
Tom Van Arsdale,1972,East,Reserve,N,CIN
Jo Jo White,1972,East,Reserve,N,BOS
Kareem Abdul-Jabbar,1972,West,Starter,N,MIL
Gail Goodrich,1972,West,Starter,N,LAL
Spencer Haywood,1972,West,Starter,N,SEA
Bob Love,1972,West,Starter,N,CHI
Jerry West,1972,West,Starter,Y,LAL
Wilt Chamberlain,1972,West,Reserve,N,LAL
Connie Hawkins,1972,West,Reserve,N,PHO
Elvin Hayes,1972,West,Reserve,N,HOU
Bob Lanier,1972,West,Reserve,N,DET
Oscar Robertson,1972,West,Reserve,N,MIL
Cazzie Russell,1972,West,Reserve,N,GSW
Paul Silas,1972,West,Reserve,N,PHO
Jimmy Walker,1972,West,Reserve,N,DET
Sidney Wicks,1972,West,Reserve,N,POR
Billy Cunningham,1971,East,Starter,N,PHI
Walt Frazier,1971,East,Starter,N,NYK
John Havlicek,1971,East,Starter,N,BOS
Earl Monroe,1971,East,Starter,N,BAL
Willis Reed,1971,East,Starter,N,NYK
Dave DeBusschere,1971,East,Reserve,N,NYK
Johnny Green,1971,East,Reserve,N,CIN
Lou Hudson,1971,East,Reserve,N,ATL
Gus Johnson,1971,East,Reserve,N,BAL
John Johnson,1971,East,Reserve,N,CLE
Bob Kauffman,1971,East,Reserve,N,BUF
Wes Unseld,1971,East,Reserve,N,BAL
Tom Van Arsdale,1971,East,Reserve,N,CIN
Jo Jo White,1971,East,Reserve,N,BOS
Kareem Abdul-Jabbar,1971,West,Starter,N,MIL
Dave Bing,1971,West,Starter,N,DET
Connie Hawkins,1971,West,Starter,N,PHO
Jerry Lucas,1971,West,Starter,N,SFW
Jerry West,1971,West,Starter,N,LAL
Wilt Chamberlain,1971,West,Reserve,N,LAL
Elvin Hayes,1971,West,Reserve,N,SDR
Bob Love,1971,West,Reserve,N,CHI
Jeff Mullins,1971,West,Reserve,N,SFW
Geoff Petrie,1971,West,Reserve,N,POR
Oscar Robertson,1971,West,Reserve,N,MIL
Dick Van Arsdale,1971,West,Reserve,N,PHO
Chet Walker,1971,West,Reserve,N,CHI
Lenny Wilkens,1971,West,Reserve,Y,SEA
Billy Cunningham,1970,East,Starter,N,PHI
Walt Frazier,1970,East,Starter,N,NYK
John Havlicek,1970,East,Starter,N,BOS
Willis Reed,1970,East,Starter,Y,NYK
Oscar Robertson,1970,East,Starter,N,CIN
Kareem Abdul-Jabbar,1970,East,Reserve,N,MIL
Dave DeBusschere,1970,East,Reserve,N,NYK
Hal Greer,1970,East,Reserve,N,PHI
Gus Johnson,1970,East,Reserve,N,BAL
Flynn Robinson,1970,East,Reserve,N,MIL
Tom Van Arsdale,1970,East,Reserve,N,CIN
Jimmy Walker,1970,East,Reserve,N,DET
Elgin Baylor,1970,West,Starter,N,LAL
Connie Hawkins,1970,West,Starter,N,PHO
Elvin Hayes,1970,West,Starter,N,SDR
Lou Hudson,1970,West,Starter,N,ATL
Jerry West,1970,West,Starter,N,LAL
Bill Bridges,1970,West,Reserve,N,ATL
Joe Caldwell,1970,West,Reserve,N,ATL
Jeff Mullins,1970,West,Reserve,N,SFW
Bob Rule,1970,West,Reserve,N,SEA
Dick Van Arsdale,1970,West,Reserve,N,PHO
Chet Walker,1970,West,Reserve,N,CHI
Lenny Wilkens,1970,West,Reserve,N,SEA
Nate Thurmond,1970,West,DNP,N,NA
John Havlicek,1969,East,Starter,N,BOS
Jerry Lucas,1969,East,Starter,N,CIN
Earl Monroe,1969,East,Starter,N,BAL
Oscar Robertson,1969,East,Starter,Y,CIN
Bill Russell,1969,East,Starter,N,BOS
Dave Bing,1969,East,Reserve,N,DET
Billy Cunningham,1969,East,Reserve,N,PHI
Hal Greer,1969,East,Reserve,N,PHI
Gus Johnson,1969,East,Reserve,N,BAL
Jon McGlocklin,1969,East,Reserve,N,MIL
Willis Reed,1969,East,Reserve,N,NYK
Wes Unseld,1969,East,Reserve,N,BAL
Elgin Baylor,1969,West,Starter,N,LAL
Elvin Hayes,1969,West,Starter,N,SDR
Don Kojis,1969,West,Starter,N,SDR
Jerry Sloan,1969,West,Starter,N,CHI
Lenny Wilkens,1969,West,Starter,N,SEA
Joe Caldwell,1969,West,Reserve,N,ATL
Wilt Chamberlain,1969,West,Reserve,N,LAL
Gail Goodrich,1969,West,Reserve,N,PHO
Lou Hudson,1969,West,Reserve,N,ATL
Rudy LaRusso,1969,West,Reserve,N,SFW
Jeff Mullins,1969,West,Reserve,N,SFW
Dick Van Arsdale,1969,West,Reserve,N,PHO
Jerry West,1969,West,DNP,N,NA
Dave Bing,1968,East,Starter,N,DET
Wilt Chamberlain,1968,East,Starter,N,PHI
Jerry Lucas,1968,East,Starter,N,CIN
Willis Reed,1968,East,Starter,N,NYK
Oscar Robertson,1968,East,Starter,N,CIN
Dick Barnett,1968,East,Reserve,N,NYK
Dave DeBusschere,1968,East,Reserve,N,DET
Hal Greer,1968,East,Reserve,Y,PHI
John Havlicek,1968,East,Reserve,N,BOS
Gus Johnson,1968,East,Reserve,N,BAL
Sam Jones,1968,East,Reserve,N,BOS
Bill Russell,1968,East,Reserve,N,BOS
Elgin Baylor,1968,West,Starter,N,LAL
Zelmo Beaty,1968,West,Starter,N,STL
Bob Boozer,1968,West,Starter,N,CHI
Jerry West,1968,West,Starter,N,LAL
Lenny Wilkens,1968,West,Starter,N,STL
Mahdi Abdul-Rahman,1968,West,Reserve,N,SEA
Bill Bridges,1968,West,Reserve,N,STL
Archie Clark,1968,West,Reserve,N,LAL
Jim King,1968,West,Reserve,N,SFW
Don Kojis,1968,West,Reserve,N,SDR
Rudy LaRusso,1968,West,Reserve,N,SFW
Clyde Lee,1968,West,Reserve,N,SFW
Nate Thurmond,1968,West,DNP,N,NA
Wilt Chamberlain,1967,East,Starter,N,PHI
Hal Greer,1967,East,Starter,N,PHI
Bailey Howell,1967,East,Starter,N,BOS
Willis Reed,1967,East,Starter,N,NYK
Oscar Robertson,1967,East,Starter,N,CIN
John Havlicek,1967,East,Reserve,N,BOS
Jerry Lucas,1967,East,Reserve,N,CIN
Don Ohl,1967,East,Reserve,N,BAL
Bill Russell,1967,East,Reserve,N,BOS
Chet Walker,1967,East,Reserve,N,PHI
Rick Barry,1967,West,Starter,Y,SFW
Elgin Baylor,1967,West,Starter,N,LAL
Guy Rodgers,1967,West,Starter,N,CHI
Nate Thurmond,1967,West,Starter,N,SFW
Jerry West,1967,West,Starter,N,LAL
Bill Bridges,1967,West,Reserve,N,STL
Dave DeBusschere,1967,West,Reserve,N,DET
Darrall Imhoff,1967,West,Reserve,N,LAL
Jerry Sloan,1967,West,Reserve,N,CHI
Lenny Wilkens,1967,West,Reserve,N,STL
Wilt Chamberlain,1966,East,Starter,N,PHI
John Havlicek,1966,East,Starter,N,BOS
Sam Jones,1966,East,Starter,N,BOS
Jerry Lucas,1966,East,Starter,N,CIN
Oscar Robertson,1966,East,Starter,N,CIN
Hal Greer,1966,East,Reserve,N,PHI
Willis Reed,1966,East,Reserve,N,NYK
Bill Russell,1966,East,Reserve,N,BOS
Adrian Smith,1966,East,Reserve,Y,CIN
Chet Walker,1966,East,Reserve,N,PHI
Rick Barry,1966,West,Starter,N,SFW
Bailey Howell,1966,West,Starter,N,BAL
Guy Rodgers,1966,West,Starter,N,SFW
Nate Thurmond,1966,West,Starter,N,SFW
Jerry West,1966,West,Starter,N,LAL
Zelmo Beaty,1966,West,Reserve,N,STL
Dave DeBusschere,1966,West,Reserve,N,DET
Rudy LaRusso,1966,West,Reserve,N,LAL
Eddie Miles,1966,West,Reserve,N,DET
Don Ohl,1966,West,Reserve,N,BAL
Luke Jackson,1965,East,Starter,N,PHI
Sam Jones,1965,East,Starter,N,BOS
Jerry Lucas,1965,East,Starter,Y,CIN
Oscar Robertson,1965,East,Starter,N,CIN
Bill Russell,1965,East,Starter,N,BOS
Larry Costello,1965,East,Reserve,N,PHI
Wayne Embry,1965,East,Reserve,N,CIN
Johnny Green,1965,East,Reserve,N,NYK
Hal Greer,1965,East,Reserve,N,PHI
Willis Reed,1965,East,Reserve,N,NYK
Elgin Baylor,1965,West,Starter,N,LAL
Wilt Chamberlain,1965,West,Starter,N,SFW
Bob Pettit,1965,West,Starter,N,STL
Jerry West,1965,West,Starter,N,LAL
Lenny Wilkens,1965,West,Starter,N,STL
Walt Bellamy,1965,West,Reserve,N,BAL
Terry Dischinger,1965,West,Reserve,N,DET
Gus Johnson,1965,West,Reserve,N,BAL
Don Ohl,1965,West,Reserve,N,BAL
Nate Thurmond,1965,West,Reserve,N,SFW
Tom Heinsohn,1965,West,DNP,N,NA
Hal Greer,1964,East,Starter,N,PHI
Tom Heinsohn,1964,East,Starter,N,BOS
Jerry Lucas,1964,East,Starter,N,CIN
Oscar Robertson,1964,East,Starter,Y,CIN
Bill Russell,1964,East,Starter,N,BOS
Len Chappell,1964,East,Reserve,N,NYK
Wayne Embry,1964,East,Reserve,N,CIN
Tom Gola,1964,East,Reserve,N,NYK
Sam Jones,1964,East,Reserve,N,BOS
Chet Walker,1964,East,Reserve,N,PHI
Elgin Baylor,1964,West,Starter,N,LAL
Walt Bellamy,1964,West,Starter,N,BAL
Bob Pettit,1964,West,Starter,N,STL
Guy Rodgers,1964,West,Starter,N,SFW
Jerry West,1964,West,Starter,N,LAL
Wilt Chamberlain,1964,West,Reserve,N,SFW
Terry Dischinger,1964,West,Reserve,N,BAL
Bailey Howell,1964,West,Reserve,N,DET
Don Ohl,1964,West,Reserve,N,DET
Lenny Wilkens,1964,West,Reserve,N,STL
Bob Cousy,1963,East,Starter,N,BOS
Tom Heinsohn,1963,East,Starter,N,BOS
Oscar Robertson,1963,East,Starter,N,CIN
Bill Russell,1963,East,Starter,Y,BOS
Jack Twyman,1963,East,Starter,N,CIN
Tom Gola,1963,East,Reserve,N,NYK
Johnny Green,1963,East,Reserve,N,NYK
Hal Greer,1963,East,Reserve,N,SYR
Richie Guerin,1963,East,Reserve,N,NYK
Red Kerr,1963,East,Reserve,N,SYR
Lee Shaffer,1963,East,Reserve,N,SYR
Elgin Baylor,1963,West,Starter,N,LAL
Walt Bellamy,1963,West,Starter,N,CHZ
Wilt Chamberlain,1963,West,Starter,N,SFW
Bob Pettit,1963,West,Starter,N,STL
Jerry West,1963,West,Starter,N,LAL
Terry Dischinger,1963,West,Reserve,N,CHZ
Wayne Embry,1963,West,Reserve,N,NA
Bailey Howell,1963,West,Reserve,N,DET
Rudy LaRusso,1963,West,Reserve,N,LAL
Tom Meschery,1963,West,Reserve,N,SFW
Don Ohl,1963,West,Reserve,N,DET
Guy Rodgers,1963,West,Reserve,N,SFW
Lenny Wilkens,1963,West,Reserve,N,STL
Wilt Chamberlain,1962,East,Starter,N,PHW
Bob Cousy,1962,East,Starter,N,BOS
Richie Guerin,1962,East,Starter,N,NYK
Tom Heinsohn,1962,East,Starter,N,BOS
Dolph Schayes,1962,East,Starter,N,SYR
Paul Arizin,1962,East,Reserve,N,PHW
Johnny Green,1962,East,Reserve,N,NYK
Hal Greer,1962,East,Reserve,N,SYR
Sam Jones,1962,East,Reserve,N,BOS
Willie Naulls,1962,East,Reserve,N,NYK
Bill Russell,1962,East,Reserve,N,BOS
Elgin Baylor,1962,West,Starter,N,LAL
Walt Bellamy,1962,West,Starter,N,CHP
Bob Pettit,1962,West,Starter,Y,STL
Oscar Robertson,1962,West,Starter,N,CIN
Jerry West,1962,West,Starter,N,LAL
Wayne Embry,1962,West,Reserve,N,CIN
Cliff Hagan,1962,West,Reserve,N,STL
Bailey Howell,1962,West,Reserve,N,DET
Rudy LaRusso,1962,West,Reserve,N,LAL
Frank Selvy,1962,West,Reserve,N,LAL
Gene Shue,1962,West,Reserve,N,DET
Jack Twyman,1962,West,Reserve,N,CIN
Larry Costello,1962,West,DNP,N,NA
Tom Gola,1962,West,DNP,N,NA
Wilt Chamberlain,1961,East,Starter,N,PHW
Bob Cousy,1961,East,Starter,N,BOS
Richie Guerin,1961,East,Starter,N,NYK
Tom Heinsohn,1961,East,Starter,N,BOS
Dolph Schayes,1961,East,Starter,N,SYR
Paul Arizin,1961,East,Reserve,N,PHW
Larry Costello,1961,East,Reserve,N,SYR
Tom Gola,1961,East,Reserve,N,PHW
Hal Greer,1961,East,Reserve,N,SYR
Willie Naulls,1961,East,Reserve,N,NYK
Bill Russell,1961,East,Reserve,N,BOS
Elgin Baylor,1961,West,Starter,N,LAL
Clyde Lovellette,1961,West,Starter,N,STL
Bob Pettit,1961,West,Starter,N,STL
Oscar Robertson,1961,West,Starter,Y,CIN
Gene Shue,1961,West,Starter,N,DET
Walter Dukes,1961,West,Reserve,N,DET
Wayne Embry,1961,West,Reserve,N,CIN
Cliff Hagan,1961,West,Reserve,N,STL
Bailey Howell,1961,West,Reserve,N,DET
Hot Rod Hundley,1961,West,Reserve,N,LAL
Jerry West,1961,West,Reserve,N,LAL
Wilt Chamberlain,1960,East,Starter,Y,PHW
Bob Cousy,1960,East,Starter,N,BOS
Richie Guerin,1960,East,Starter,N,NYK
Bill Russell,1960,East,Starter,N,BOS
Dolph Schayes,1960,East,Starter,N,SYR
Larry Costello,1960,East,Reserve,N,SYR
Tom Gola,1960,East,Reserve,N,PHW
Willie Naulls,1960,East,Reserve,N,NYK
Bill Sharman,1960,East,Reserve,N,BOS
George Yardley,1960,East,Reserve,N,SYR
Elgin Baylor,1960,West,Starter,N,MNL
Walter Dukes,1960,West,Starter,N,DET
Bob Pettit,1960,West,Starter,N,STL
Gene Shue,1960,West,Starter,N,DET
Jack Twyman,1960,West,Starter,N,CIN
Dick Garmaker,1960,West,Reserve,N,MNL
Cliff Hagan,1960,West,Reserve,N,STL
Hot Rod Hundley,1960,West,Reserve,N,MNL
Clyde Lovellette,1960,West,Reserve,N,STL
Chuck Noble,1960,West,Reserve,N,DET
Paul Arizin,1960,West,DNP,N,NA
Paul Arizin,1959,East,Starter,N,PHW
Bob Cousy,1959,East,Starter,N,BOS
Bill Russell,1959,East,Starter,N,BOS
Kenny Sears,1959,East,Starter,N,NYK
Bill Sharman,1959,East,Starter,N,BOS
Larry Costello,1959,East,Reserve,N,SYR
Richie Guerin,1959,East,Reserve,N,NYK
Red Kerr,1959,East,Reserve,N,SYR
Woody Sauldsberry,1959,East,Reserve,N,PHW
Dolph Schayes,1959,East,Reserve,N,SYR
Elgin Baylor,1959,West,Starter,Y,MNL
Cliff Hagan,1959,West,Starter,N,STL
Slater Martin,1959,West,Starter,N,STL
Bob Pettit,1959,West,Starter,Y,STL
Gene Shue,1959,West,Starter,N,DET
Larry Foust,1959,West,Reserve,N,MNL
Dick Garmaker,1959,West,Reserve,N,MNL
Dick McGuire,1959,West,Reserve,N,DET
Jack Twyman,1959,West,Reserve,N,CIN
George Yardley,1959,West,Reserve,N,DET
Bob Cousy,1958,East,Starter,N,BOS
Willie Naulls,1958,East,Starter,N,NYK
Bill Russell,1958,East,Starter,N,BOS
Dolph Schayes,1958,East,Starter,N,SYR
Bill Sharman,1958,East,Starter,N,BOS
Paul Arizin,1958,East,Reserve,N,PHW
Larry Costello,1958,East,Reserve,N,SYR
Richie Guerin,1958,East,Reserve,N,NYK
Neil Johnston,1958,East,Reserve,N,PHW
Kenny Sears,1958,East,Reserve,N,NYK
Dick Garmaker,1958,West,Starter,N,MNL
Slater Martin,1958,West,Starter,N,STL
Bob Pettit,1958,West,Starter,Y,STL
Maurice Stokes,1958,West,Starter,N,CIN
George Yardley,1958,West,Starter,N,DET
Larry Foust,1958,West,Reserve,N,MNL
Dick McGuire,1958,West,Reserve,N,DET
Gene Shue,1958,West,Reserve,N,DET
Jack Twyman,1958,West,Reserve,N,CIN
Cliff Hagan,1958,West,DNP,N,NA
Paul Arizin,1957,East,Starter,N,PHW
Bob Cousy,1957,East,Starter,Y,BOS
Harry Gallatin,1957,East,Starter,N,NYK
Dolph Schayes,1957,East,Starter,N,SYR
Bill Sharman,1957,East,Starter,N,BOS
Carl Braun,1957,East,Reserve,N,NYK
Nathaniel Clifton,1957,East,Reserve,N,NYK
Jack George,1957,East,Reserve,N,PHW
Tom Heinsohn,1957,East,Reserve,N,BOS
Neil Johnston,1957,East,Reserve,N,PHW
Dick Garmaker,1957,West,Starter,N,MNL
Slater Martin,1957,West,Starter,N,STL
Bob Pettit,1957,West,Starter,N,STL
Maurice Stokes,1957,West,Starter,N,ROC
George Yardley,1957,West,Starter,N,FTW
Mel Hutchins,1957,West,Reserve,N,FTW
Ed Macauley,1957,West,Reserve,N,STL
Vern Mikkelsen,1957,West,Reserve,N,MNL
Richie Regan,1957,West,Reserve,N,ROC
Jack Twyman,1957,West,Reserve,N,ROC
Clyde Lovellette,1957,West,DNP,N,NA
Paul Arizin,1956,East,Starter,N,PHW
Bob Cousy,1956,East,Starter,N,BOS
Neil Johnston,1956,East,Starter,N,PHW
Dick McGuire,1956,East,Starter,N,NYK
Dolph Schayes,1956,East,Starter,N,SYR
Harry Gallatin,1956,East,Reserve,N,NYK
Jack George,1956,East,Reserve,N,PHW
Red Kerr,1956,East,Reserve,N,SYR
Ed Macauley,1956,East,Reserve,N,BOS
Bill Sharman,1956,East,Reserve,N,BOS
Larry Foust,1956,West,Starter,N,FTW
Mel Hutchins,1956,West,Starter,N,FTW
Slater Martin,1956,West,Starter,N,MNL
Bobby Wanzer,1956,West,Starter,N,ROC
George Yardley,1956,West,Starter,N,FTW
Bob Harrison,1956,West,Reserve,N,STL
Clyde Lovellette,1956,West,Reserve,N,MNL
Vern Mikkelsen,1956,West,Reserve,N,MNL
Bob Pettit,1956,West,Reserve,Y,STL
Maurice Stokes,1956,West,Reserve,N,ROC
Carl Braun,1956,West,DNP,N,NA
Bob Cousy,1955,East,Starter,N,BOS
Harry Gallatin,1955,East,Starter,N,NYK
Ed Macauley,1955,East,Starter,N,BOS
Dolph Schayes,1955,East,Starter,N,SYR
Paul Seymour,1955,East,Starter,N,SYR
Paul Arizin,1955,East,Reserve,N,PHW
Carl Braun,1955,East,Reserve,N,NYK
Neil Johnston,1955,East,Reserve,N,PHW
Dick McGuire,1955,East,Reserve,N,NYK
Bill Sharman,1955,East,Reserve,Y,BOS
Larry Foust,1955,West,Starter,N,FTW
Andy Phillip,1955,West,Starter,N,FTW
Jim Pollard,1955,West,Starter,N,MNL
Bobby Wanzer,1955,West,Starter,N,ROC
George Yardley,1955,West,Starter,N,FTW
Jack Coleman,1955,West,Reserve,N,ROC
Slater Martin,1955,West,Reserve,N,MNL
Vern Mikkelsen,1955,West,Reserve,N,MNL
Bob Pettit,1955,West,Reserve,N,MLH
Frank Selvy,1955,West,Reserve,N,MLH
Arnie Risen,1955,West,DNP,N,NA
Bob Cousy,1954,East,Starter,Y,BOS
Ray Felix,1954,East,Starter,N,BLB
Ed Macauley,1954,East,Starter,N,BOS
Dick McGuire,1954,East,Starter,N,NYK
Dolph Schayes,1954,East,Starter,N,SYR
Carl Braun,1954,East,Reserve,N,NYK
Harry Gallatin,1954,East,Reserve,N,NYK
Neil Johnston,1954,East,Reserve,N,PHW
Paul Seymour,1954,East,Reserve,N,SYR
Bill Sharman,1954,East,Reserve,N,BOS
Mel Hutchins,1954,West,Starter,N,FTW
Slater Martin,1954,West,Starter,N,MNL
George Mikan,1954,West,Starter,N,MNL
Jim Pollard,1954,West,Starter,N,MNL
Bobby Wanzer,1954,West,Starter,N,ROC
Bob Davies,1954,West,Reserve,N,ROC
Larry Foust,1954,West,Reserve,N,FTW
Andy Phillip,1954,West,Reserve,N,FTW
Arnie Risen,1954,West,Reserve,N,ROC
Don Sunderlage,1954,West,Reserve,N,MLH
Jack Molinas,1954,West,DNP,N,NA
Bob Cousy,1953,East,Starter,N,BOS
Harry Gallatin,1953,East,Starter,N,NYK
Ed Macauley,1953,East,Starter,N,BOS
Dolph Schayes,1953,East,Starter,N,SYR
Bill Sharman,1953,East,Starter,N,BOS
Don Barksdale,1953,East,Reserve,N,BLB
Carl Braun,1953,East,Reserve,N,NYK
Bill Gabor,1953,East,Reserve,N,SYR
Neil Johnston,1953,East,Reserve,N,PHW
Paul Seymour,1953,East,Reserve,N,SYR
Mel Hutchins,1953,West,Starter,N,MLH
George Mikan,1953,West,Starter,Y,MNL
Vern Mikkelsen,1953,West,Starter,N,MNL
Andy Phillip,1953,West,Starter,N,FTW
Bobby Wanzer,1953,West,Starter,N,ROC
Leo Barnhorst,1953,West,Reserve,N,INO
Bob Davies,1953,West,Reserve,N,ROC
Larry Foust,1953,West,Reserve,N,FTW
Slater Martin,1953,West,Reserve,N,MNL
Arnie Risen,1953,West,Reserve,N,ROC
Fred Scolari,1953,West,DNP,N,NA
Paul Arizin,1952,East,Starter,Y,PHW
Bob Cousy,1952,East,Starter,N,BOS
Harry Gallatin,1952,East,Starter,N,NYK
Ed Macauley,1952,East,Starter,N,BOS
Andy Phillip,1952,East,Starter,N,PHW
Joe Fulks,1952,East,Reserve,N,PHW
Dick McGuire,1952,East,Reserve,N,NYK
Red Rocha,1952,East,Reserve,N,SYR
Fred Scolari,1952,East,Reserve,N,BLB
Max Zaslofsky,1952,East,Reserve,N,NYK
George Mikan,1952,West,Starter,N,MNL
Vern Mikkelsen,1952,West,Starter,N,MNL
Jim Pollard,1952,West,Starter,N,MNL
Paul Walther,1952,West,Starter,N,INO
Bobby Wanzer,1952,West,Starter,N,ROC
Leo Barnhorst,1952,West,Reserve,N,INO
Frankie Brian,1952,West,Reserve,N,FTW
Bob Davies,1952,West,Reserve,N,ROC
Dike Eddleman,1952,West,Reserve,N,MLH
Arnie Risen,1952,West,Reserve,N,ROC
Larry Foust,1952,West,DNP,N,NA
Dolph Schayes,1952,West,DNP,N,NA
Bob Cousy,1951,East,Starter,N,BOS
Joe Fulks,1951,East,Starter,N,PHW
Ed Macauley,1951,East,Starter,Y,BOS
Andy Phillip,1951,East,Starter,N,PHW
Dolph Schayes,1951,East,Starter,N,SYR
Paul Arizin,1951,East,Reserve,N,PHW
Vince Boryla,1951,East,Reserve,N,NYK
Harry Gallatin,1951,East,Reserve,N,NYK
Dick McGuire,1951,East,Reserve,N,NYK
Red Rocha,1951,East,Reserve,N,BLB
Ralph Beard,1951,West,Starter,N,INO
Bob Davies,1951,West,Starter,N,ROC
Alex Groza,1951,West,Starter,N,INO
George Mikan,1951,West,Starter,N,MNL
Jim Pollard,1951,West,Starter,N,MNL
Frankie Brian,1951,West,Reserve,N,TRI
Dike Eddleman,1951,West,Reserve,N,TRI
Larry Foust,1951,West,Reserve,N,FTW
Vern Mikkelsen,1951,West,Reserve,N,MNL
Fred Schaus,1951,West,Reserve,N,FTW